Coef.,Std.Err.,t,P>|t|,[0.025,0.975]
213.27810637096016,7.5164281156791475,28.374927969585112,4.430223823141123e-146,198.53600516244197,228.02020757947835
-19.32306431223428,7.65006557134873,-2.5258691094888963,0.011628656304727852,-34.32727098712687,-4.318857637341685
51.58828086157841,7.934224750003635,6.501993891911718,1.0305579137442886e-10,36.026747846755605,67.14981387640123
-0.11530892507648718,8.038282418869947,-0.014344970612851117,0.9885563933669368,-15.880932055887993,15.650314205735018
