Coef.,Std.Err.,t,P>|t|,[0.025,0.975]
215.3114917646173,7.588089456840492,28.37492796958513,4.430223823139863e-146,200.42883992115924,230.19414360807536
-19.507289676017542,7.723001006954307,-2.5258691094888985,0.011628656304727768,-34.654545889445856,-4.3600334625892305
52.08012157871865,8.009869348463207,6.501993891911717,1.0305579137442962e-10,36.370225497129795,67.79001766030751
-0.11640827600376447,8.114919099205954,-0.014344970612849983,0.9885563933669377,-16.032340261022437,15.799523709014908
