Coef.,Std.Err.,t,P>|t|,[0.025,0.975]
213.45651579002256,7.522715688259194,28.374927969585116,4.430223823140367e-146,198.70208265603335,228.21094892401177
-19.339228262379528,7.656464933090996,-2.5258691094888976,0.01162865630472781,-34.35598611677155,-4.322470407987508
51.631435010757386,7.940861813940691,6.501993891911719,1.0305579137442775e-10,36.056884606985776,67.205985414529
-0.11540538222666287,8.045006528160918,-0.014344970612851005,0.9885563933669368,-15.894216625553721,15.663405861100394
