Coef.,Std.Err.,t,P>|t|,[0.025,0.975]
238.00561789515916,5.462357866263771,43.57195623617278,8.903457852445638e-282,227.29220882230732,248.719026968011
-15.393682241792789,7.720550158590661,-1.9938581999450167,0.04632198436070403,-30.53611965463638,-0.2512448289491971
