Coef.,Std.Err.,t,P>|t|,[0.025,0.975]
240.27475444776246,5.514435779412856,43.57195623617281,8.903457852439563e-282,229.4592041383079,251.090304757217
-15.54044502564185,7.794157591583192,-1.9938581999450165,0.04632198436070403,-30.82724986364481,-0.25364018763889007
