Coef.,Std.Err.,t,P>|t|,[0.025,0.975]
238.204712142313,5.466927187091928,43.57195623617285,8.903457852431462e-282,227.48234118808764,248.92708309653838
-15.406559221773112,7.727008481444671,-1.9938581999450118,0.04632198436070457,-30.56166344560814,-0.25145499793808135
