Coef.,Std.Err.,t,P>|t|,[0.025,0.975]
215.22231303980146,7.584946586313593,28.374927969585478,4.430223823109606e-146,200.34582536297677,230.09880071662616
-19.499210055167943,7.719802258128025,-2.525869109488862,0.011628656304728984,-34.64019250688232,-4.358227603453564
52.05855078938184,8.006551783160267,6.501993891911582,1.0305579137452022e-10,36.355161506329345,67.76194007243433
-0.11636006147725558,8.111558023903752,-0.014344970612841202,0.9885563933669447,-16.02569991104117,15.792979788086658
