Coef.,Std.Err.,t,P>|t|,[0.025,0.975]
216.19264095365344,7.61914325158426,28.374927969585052,4.430223823146166e-146,201.24908276239617,231.1361991449107
-19.587122072966793,7.754606919014234,-2.5258691094888803,0.011628656304728384,-34.79636751149034,-4.377876634443249
52.29325630979067,8.042649251769072,6.501993891911695,1.0305579137444421e-10,36.519068433654816,68.06744418592653
-0.11688466979569467,8.14812891222967,-0.014344970612855723,0.988556393366933,-16.097951638769086,15.864182299177697
