Coef.,Std.Err.,t,P>|t|,[0.025,0.975]
240.17523632157153,5.51215178450448,43.571956236172895,8.903457852423358e-282,229.36416564753685,250.9863069956062
-15.534008411139087,7.790929370788632,-1.9938581999449787,0.046321984360708154,-30.814481688523653,-0.2535351337545215
