Coef.,Std.Err.,t,P>|t|,[0.025,0.975]
241.25806427155462,5.537003272560557,43.57195623617289,8.903457852425387e-282,230.39825198004772,252.11787656306151
-15.604043352045016,7.826054707639397,-1.9938581999450045,0.046321984360705386,-30.95340850940473,-0.25467819468530095
