hh_size,hh_size,n_child_5,n_child_5,food_cons_usd,food_cons_usd,area_acre,area_acre,crop_damage,crop_damage
mean,std,mean,std,mean,std,mean,std,mean,std
3.2458677685950414,1.9842765658357788,0.40289256198347106,0.7257978410215326,132.95798937144883,104.62762746065951,1.989700985982856,1.251184865655533,0.390495867768595,0.48836627336469013
4.339401820546164,2.8459620803075993,0.5084525357607282,0.8448642785154306,287.8782040224988,168.00268941290852,1.9278350055006113,1.2384064107037869,0.5656697009102731,0.49599132650560596
4.132673267326733,2.613347489594003,0.4693069306930693,0.7814494284200745,246.8715110703173,161.55396652784188,1.8747195385868618,1.2329232622244002,0.5702970297029702,0.4955245245751675
